Name,Entity Type,Primary State,Nexus States,Contact Email,Contact Phone,Status,Tier,Service Package,County,Notes
Riverside Holdings LLC,LLC,CA,"NY, TX",ops@riverside-holdings.com,(415) 555-0182,Active,3,Multi-state LLC,San Francisco,Premium SF holding co. — operations across CA / NY / TX
Pacific Ridge S-Corp,S-Corp,CA,,kyle@pacificridge.co,,Active,2,S-Corp Standard,Los Angeles,Officer wages climbed 150% YoY — flag for Solo-K conversation at year-end planning
Mark Sullivan,Individual,CA,,mark.sullivan@gmail.com,(510) 555-0294,Prospect,2,Individual + PTE,Alameda,"5-year Schedule E rental (Sunset Beach) disappeared this year — confirm property status before filing. Prefers casual emails, hates phone calls."
Sierra Vista Partners,Partnership,CA,,accounting@sierravista.partners,,Prospect,2,Partnership Standard,San Diego,
Bayview Dental C-Corp,C-Corp,CA,,finance@bayviewdental.com,,Active,3,C-Corp Standard,San Francisco,
Nguyen Family Trust,Trust,CA,,trustee@nguyenlaw.com,,Active,3,Trust Annual,Santa Clara,
Coastal Tech LLC,LLC,CA,NY,lisa@coastaltech.io,,Active,3,Multi-state LLC,San Diego,Lisa mentioned a second-home purchase in Q1 call — follow up at year-end
Anne Dupont,Individual,CA,,adupont@outlook.com,,Active,2,Individual + PTE,San Francisco,
Orchard Foods LLC,LLC,CA,,hello@orchardfoods.com,,Active,2,Multi-state LLC,Sonoma,Sonoma county — eligible for current CA storm-relief filing extension
Granite Ventures S-Corp,S-Corp,CA,,ken@graniteventures.com,,Active,3,S-Corp Standard,Los Angeles,Q1 federal estimate ran 40% lower than Q4 — verify QBO export before sending voucher
Sequoia Pediatrics Inc,C-Corp,CA,,billing@sequoiapeds.com,(650) 555-0184,Inactive,2,C-Corp Standard,San Mateo,Paused mid-season — practice restructuring
Harbor Group LLC,LLC,NY,FL,admin@harborgroup.nyc,,Active,3,Multi-state LLC,New York,Receipts likely above new $300K NY economic-nexus threshold — register Q3
Sofia Alvarez,Individual,NY,,sofia.alvarez@gmail.com,,Active,2,Individual + PTE,Kings,
Brooklyn Press Partnership,Partnership,NY,,ap@brooklynpress.com,,Active,2,Partnership Standard,Kings,
Empire Advisory S-Corp,S-Corp,NY,,rachel@empireadvisory.com,,Active,3,S-Corp Standard,New York,1120-S extension submitted Mar 14 — IRS approval still pending after 50+ days
Hudson Valley Trust,Trust,NY,,trust@hvlaw.com,,Active,3,Trust Annual,Westchester,
Madison Labs C-Corp,C-Corp,NY,"CA, TX, FL",cfo@madisonlabs.io,(212) 555-0903,Active,3,"C-Corp Standard, Multi-state add-on",New York,Series B closed Q1 — RSU vesting starts Q3 — schedule year-end planning call in November
Daniel O'Brien,Individual,NY,,dobrien@fastmail.com,,Archived,2,Individual + PTE,Queens,Wages dropped 33% YoY — follow up to confirm job change vs. wrong-year W-2
Uptown Realty LLC,LLC,NY,,books@uptown-realty.com,,Active,2,Multi-state LLC,New York,
Tribeca Atelier LLC,LLC,NY,,(no contact on file),,Archived,2,Multi-state LLC,New York,Archived — no current contact
Lone Star Construction LLC,LLC,TX,LA,ap@lonestarconstruction.com,,Active,3,Multi-state LLC,Harris,Eligible for TX Franchise May-15 penalty waiver
Patel Holdings LLC,LLC,TX,CA,nikhil@patelholdings.com,,Active,2,Multi-state LLC,Dallas,
Austin Makers S-Corp,S-Corp,TX,,finance@austinmakers.co,,Active,2,S-Corp Standard,Travis,
Davis Family,Individual,TX,,rdavis@gmail.com,,Inactive,2,Individual + PTE,Tarrant,
Hill Country Winery Partnership,Partnership,TX,,accounting@hillcountrywinery.com,,Active,2,Partnership Standard,Gillespie,Capital schedules historically arrive late June — snooze chase cadence until June 15
Rio Grande Trading C-Corp,C-Corp,TX,,cfo@riograndetrading.com,,Active,3,C-Corp Standard,El Paso,
Whitman Family Trust,Trust,TX,,trust@whitman-family.com,,Archived,2,Trust Annual,Harris,
Juniper Oil & Gas LLC,LLC,TX,"LA, FL",ap@juniperog.com,,Active,3,Multi-state LLC,Midland,Eligible for TX Franchise May-15 penalty waiver
Acme Bayou LLC,LLC,LA,,rob@acmebayou.com,(504) 555-0731,Active,2,Multi-state LLC,Orleans,K-1 from Apex Fund LP arrives early August every year — don't chase before Aug 1
Crescent City Media S-Corp,S-Corp,LA,"TX, FL",finance@crescentcitymedia.com,,Active,3,S-Corp Standard,Orleans,Affected by current LA Hurricane Delta filing extension
Jim Boudreaux,Individual,LA,,jim.boudreaux@yahoo.com,,Active,2,Individual + PTE,St. Bernard,Affected by current LA Hurricane Delta filing extension
Lafitte Holdings LLC,LLC,LA,,admin@lafitteholdings.com,,Active,2,Multi-state LLC,Jefferson,Affected by current LA Hurricane Delta filing extension
Marie Theriot,Individual,LA,,marie.theriot@gmail.com,,Prospect,2,Individual + PTE,Jefferson,
Bayou Engineering Partnership,Partnership,LA,,accounting@bayoueng.com,,Active,2,Partnership Standard,Orleans,Affected by current LA Hurricane Delta filing extension
Mississippi Valley Trust,Trust,LA,,trust@mvtrustco.com,,Active,3,Trust Annual,East Baton Rouge,
Miami Seaside LLC,LLC,FL,NY,ops@miamiseaside.com,,Active,2,Multi-state LLC,Miami-Dade,
Suncoast Advisors S-Corp,S-Corp,FL,"NY, TX",priya@suncoastadvisors.com,,Active,3,S-Corp Standard,Pinellas,
Carlos Mendoza,Individual,FL,,carlos.m@hotmail.com,,Active,2,Individual + PTE,Miami-Dade,Discussed S-Corp election in Feb call — client opted to wait one more year
Everglade Logistics C-Corp,C-Corp,FL,,cfo@evergladelogistics.com,,Active,3,C-Corp Standard,Broward,
Palm Grove Partnership,Partnership,FL,,accounting@palmgrove.com,,Active,2,Partnership Standard,Orange,
Keys Marine LLC,LLC,FL,,ap@keysmarine.com,,Active,2,Multi-state LLC,Monroe,
Johnson Family,Individual,FL,,johnson.family@gmail.com,(813) 555-0429,Inactive,2,Individual + PTE,Hillsborough,Email bouncing — 3 consecutive hard bounces; verify address before re-engaging
Peachtree Robotics S-Corp,S-Corp,GA,"CA, NY, TX",finance@peachtreerobotics.io,(404) 555-0277,Active,3,"S-Corp Standard, Multi-state add-on",Fulton,Eligibility for new GA Job Tax Credit pending — verify NAICS + employment location
Olivia Bennett,Individual,GA,,olivia.bennett@protonmail.com,(770) 555-0813,Active,3,"Individual + PTE, Year-round advisory",DeKalb,
Lakeshore Realty LLC,LLC,IL,"FL, TX",ap@lakeshore-realty.com,(312) 555-0610,Active,3,"Multi-state LLC, Real-estate Schedule E",Cook,Acquired 2 Cook County properties in 2025 (combined basis $4.2M) — cost-segregation study eligible
Daniel Voss,Individual,IL,,dvoss@lakeshore-realty.com,(312) 555-0611,Active,3,Individual + PTE,Cook,Pass-through entity from Lakeshore Realty
Allegheny Forge C-Corp,C-Corp,PA,NJ,cfo@alleghenyforge.com,(412) 555-0188,Active,3,C-Corp Standard,Allegheny,Officer compensation reported through Q3 then stopped — confirm before issuing K-1s
Hudson River Consulting Partnership,Partnership,NJ,NY,books@hudsonriver.consulting,(201) 555-0473,Active,2,"Partnership Standard, Multi-state add-on",Hudson,
Beacon Hill Family Trust,Trust,MA,,trustee@beaconhilllaw.com,(617) 555-0240,Active,3,Trust Annual,Suffolk,Complex trust — affected by new MA Form 2 Schedule B DNI line
Cascade Brewing S-Corp,S-Corp,OR,WA,finance@cascadebrewing.co,(503) 555-0962,Active,2,S-Corp Standard,Multnomah,Affected by new OR-PTE form revision
Great Lakes Manufacturing C-Corp,C-Corp,MI,IL,cfo@greatlakesmfg.com,(248) 555-0317,Prospect,3,C-Corp Standard,Oakland,New prospect added Apr 2026
